ingredient_id,name,data_origin,source
1,Lait écrémé reconstitué,real,Open Food Facts (parsed from ingredients_text)
2,sirop de glucose,real,Open Food Facts (parsed from ingredients_text)
3,huile de coco,real,Open Food Facts (parsed from ingredients_text)
4,sucre,real,Open Food Facts (parsed from ingredients_text)
5,protéines de lait,real,Open Food Facts (parsed from ingredients_text)
6,farine de blé,real,Open Food Facts (parsed from ingredients_text)
7,œufs,real,Open Food Facts (parsed from ingredients_text)
8,mascarpone 2,real,Open Food Facts (parsed from ingredients_text)
9,alcool,real,Open Food Facts (parsed from ingredients_text)
10,jaune d'œufs,real,Open Food Facts (parsed from ingredients_text)
11,café soluble 0,real,Open Food Facts (parsed from ingredients_text)
12,amidon de blé,real,Open Food Facts (parsed from ingredients_text)
13,amidon,real,Open Food Facts (parsed from ingredients_text)
14,vin Marsala 0,real,Open Food Facts (parsed from ingredients_text)
15,cacao en poudre 0,real,Open Food Facts (parsed from ingredients_text)
16,dextrose,real,Open Food Facts (parsed from ingredients_text)
17,émulsifiant: esters lactiques des mono et diglycérides d'acides gras,real,Open Food Facts (parsed from ingredients_text)
18,cacao maigre en poudre,real,Open Food Facts (parsed from ingredients_text)
19,arômes,real,Open Food Facts (parsed from ingredients_text)
20,beurre de cacao,real,Open Food Facts (parsed from ingredients_text)
21,extrait de café,real,Open Food Facts (parsed from ingredients_text)
22,poudre à lever . Teneur en alcool: 1,real,Open Food Facts (parsed from ingredients_text)
23,Peut contenir du soja,real,Open Food Facts (parsed from ingredients_text)
24,des fruits à coque et de l'arachide,real,Open Food Facts (parsed from ingredients_text)
25,reconstituted skimmed milk,real,Open Food Facts (parsed from ingredients_text)
26,glucose syrup,real,Open Food Facts (parsed from ingredients_text)
27,mascarpone soft cheese,real,Open Food Facts (parsed from ingredients_text)
28,sponge fingers,real,Open Food Facts (parsed from ingredients_text)
29,coconut fat,real,Open Food Facts (parsed from ingredients_text)
30,sugar,real,Open Food Facts (parsed from ingredients_text)
31,cream,real,Open Food Facts (parsed from ingredients_text)
32,2,real,Open Food Facts (parsed from ingredients_text)
33,alcohol,real,Open Food Facts (parsed from ingredients_text)
34,egg,real,Open Food Facts (parsed from ingredients_text)
35,cocoa dusting,real,Open Food Facts (parsed from ingredients_text)
36,marsala p,real,Open Food Facts (parsed from ingredients_text)
37,d,real,Open Food Facts (parsed from ingredients_text)
38,o,real,Open Food Facts (parsed from ingredients_text)
39,wine,real,Open Food Facts (parsed from ingredients_text)
40,soluble coffee,real,Open Food Facts (parsed from ingredients_text)
41,milk protein,real,Open Food Facts (parsed from ingredients_text)
42,stabiliser: sorbitols,real,Open Food Facts (parsed from ingredients_text)
43,beef gelatine,real,Open Food Facts (parsed from ingredients_text)
44,tapioca starch,real,Open Food Facts (parsed from ingredients_text)
45,thickeners: sodium alginate,real,Open Food Facts (parsed from ingredients_text)
46,locust bean gum,real,Open Food Facts (parsed from ingredients_text)
47,emulsifier: lactic acid esters of mono - and diglycerides of fatty acids,real,Open Food Facts (parsed from ingredients_text)
48,natural flavouring,real,Open Food Facts (parsed from ingredients_text)
49,Mascarpone,real,Open Food Facts (parsed from ingredients_text)
50,blancs d'œufs,real,Open Food Facts (parsed from ingredients_text)
51,biscuit aux œufs 12,real,Open Food Facts (parsed from ingredients_text)
52,crème fraiche épaisse Paysan Breton,real,Open Food Facts (parsed from ingredients_text)
53,sirop de café 0,real,Open Food Facts (parsed from ingredients_text)
54,sirop de vanille,real,Open Food Facts (parsed from ingredients_text)
55,Crème*,real,Open Food Facts (parsed from ingredients_text)
56,mascarpone* 16,real,Open Food Facts (parsed from ingredients_text)
57,sucre de canne*,real,Open Food Facts (parsed from ingredients_text)
58,lait entier*,real,Open Food Facts (parsed from ingredients_text)
59,eau,real,Open Food Facts (parsed from ingredients_text)
60,génoise*,real,Open Food Facts (parsed from ingredients_text)
61,œuf*,real,Open Food Facts (parsed from ingredients_text)
62,lait écrémé en poudre*,real,Open Food Facts (parsed from ingredients_text)
63,maltodextrine*,real,Open Food Facts (parsed from ingredients_text)
64,alcool*,real,Open Food Facts (parsed from ingredients_text)
65,extrait de café liquide* 1,real,Open Food Facts (parsed from ingredients_text)
66,cacao en poudre*,real,Open Food Facts (parsed from ingredients_text)
67,amidon de tapioca*,real,Open Food Facts (parsed from ingredients_text)
68,crème,real,Open Food Facts (parsed from ingredients_text)
69,pâte de noisettes grillées,real,Open Food Facts (parsed from ingredients_text)
70,mascarpone 9,real,Open Food Facts (parsed from ingredients_text)
71,jaune d'œuf 8,real,Open Food Facts (parsed from ingredients_text)
72,génoise,real,Open Food Facts (parsed from ingredients_text)
73,noisettes grillées caramélisées 5,real,Open Food Facts (parsed from ingredients_text)
74,lait,real,Open Food Facts (parsed from ingredients_text)
75,poudre de cacao 1,real,Open Food Facts (parsed from ingredients_text)
76,huile de tournesol,real,Open Food Facts (parsed from ingredients_text)
77,fibres d'agrumes,real,Open Food Facts (parsed from ingredients_text)
78,Crème 33,real,Open Food Facts (parsed from ingredients_text)
79,spéculoos en poudre 14,real,Open Food Facts (parsed from ingredients_text)
80,vergeoise,real,Open Food Facts (parsed from ingredients_text)
81,beurre,real,Open Food Facts (parsed from ingredients_text)
82,cannelle,real,Open Food Facts (parsed from ingredients_text)
83,poudre à lever : bicarbonate de sodium,real,Open Food Facts (parsed from ingredients_text)
84,sel),real,Open Food Facts (parsed from ingredients_text)
85,", huile de tournesol, œuf , fibre d'agrumes, amidon de pomme de terre",real,Open Food Facts (parsed from ingredients_text)
86,CREME*,real,Open Food Facts (parsed from ingredients_text)
87,MASCARPONE*,real,Open Food Facts (parsed from ingredients_text)
88,OEUF entier*,real,Open Food Facts (parsed from ingredients_text)
89,extrait liquide de café* 1,real,Open Food Facts (parsed from ingredients_text)
90,fruits à coque. Certains ingrédients de ce produit ne proviennent pas d'italie,real,Open Food Facts (parsed from ingredients_text)
91,génoise 8,real,Open Food Facts (parsed from ingredients_text)
92,lait écréméen poudre,real,Open Food Facts (parsed from ingredients_text)
93,huilede coco,real,Open Food Facts (parsed from ingredients_text)
94,mascarpone 4,real,Open Food Facts (parsed from ingredients_text)
95,", lait, correcteur d'acidité :acide lactique)",real,Open Food Facts (parsed from ingredients_text)
96,oeufs de poules élevées en plein air,real,Open Food Facts (parsed from ingredients_text)
97,vinMarsala AOC* 1,real,Open Food Facts (parsed from ingredients_text)
98,cacaoen poudre 1,real,Open Food Facts (parsed from ingredients_text)
99,cafésoluble 0,real,Open Food Facts (parsed from ingredients_text)
100,fibrevégétale d'agrumes,real,Open Food Facts (parsed from ingredients_text)
101,épaississant: carraghénanes,real,Open Food Facts (parsed from ingredients_text)
102,arômesnaturels,real,Open Food Facts (parsed from ingredients_text)
103,émulsifiant : mono - et diglycérides d'acidesgras,real,Open Food Facts (parsed from ingredients_text)
104,extrait de café. Teneur en alcool : 1,real,Open Food Facts (parsed from ingredients_text)
105,*Appellation d'Origine Contrôlée. Peut contenir: soja et moutarde,real,Open Food Facts (parsed from ingredients_text)
106,huile de colza,real,Open Food Facts (parsed from ingredients_text)
107,oeufs,real,Open Food Facts (parsed from ingredients_text)
108,chocolat en poudre,real,Open Food Facts (parsed from ingredients_text)
109,pâte de noisette,real,Open Food Facts (parsed from ingredients_text)
110,lait écrémé en poudre 4,real,Open Food Facts (parsed from ingredients_text)
111,sirop de glucose-fructose,real,Open Food Facts (parsed from ingredients_text)
112,poudres à lever,real,Open Food Facts (parsed from ingredients_text)
113,émulsifiants,real,Open Food Facts (parsed from ingredients_text)
114,sel,real,Open Food Facts (parsed from ingredients_text)
115,acidifiant,real,Open Food Facts (parsed from ingredients_text)
116,arômes naturels,real,Open Food Facts (parsed from ingredients_text)
117,levure sèche. Peut contenir autres fruits à coque,real,Open Food Facts (parsed from ingredients_text)
118,LAIT frais pasteurisé,real,Open Food Facts (parsed from ingredients_text)
119,chocolat noir extra,real,Open Food Facts (parsed from ingredients_text)
120,huile de palme,real,Open Food Facts (parsed from ingredients_text)
121,LAIT écrémé en poudre 9,real,Open Food Facts (parsed from ingredients_text)
122,farine de FROMENT,real,Open Food Facts (parsed from ingredients_text)
123,BEURRE concentré,real,Open Food Facts (parsed from ingredients_text)
124,chocolat supérieur au LAIT,real,Open Food Facts (parsed from ingredients_text)
125,cacao maigre 0,real,Open Food Facts (parsed from ingredients_text)
126,ŒUF en poudre 0,real,Open Food Facts (parsed from ingredients_text)
127,levure,real,Open Food Facts (parsed from ingredients_text)
128,émulsifiants: mono - et diglycérides d'acides gras,real,Open Food Facts (parsed from ingredients_text)
129,lécithines ; arômes,real,Open Food Facts (parsed from ingredients_text)
130,extrait de malt d'ORGE en poudre,real,Open Food Facts (parsed from ingredients_text)
131,purée de framboises ***,real,Open Food Facts (parsed from ingredients_text)
132,purée de pommes,real,Open Food Facts (parsed from ingredients_text)
133,gélifiant,real,Open Food Facts (parsed from ingredients_text)
134,correcteur d'acidité,real,Open Food Facts (parsed from ingredients_text)
135,levure sèche. Peut contenir lait et fruits à coque,real,Open Food Facts (parsed from ingredients_text)
136,"Fortified Wheat Flour , Thiamin )",real,Open Food Facts (parsed from ingredients_text)
137,Water,real,Open Food Facts (parsed from ingredients_text)
138,Raisins,real,Open Food Facts (parsed from ingredients_text)
139,Partially Inverted Sugar Syrup ),real,Open Food Facts (parsed from ingredients_text)
140,Maize Starch,real,Open Food Facts (parsed from ingredients_text)
141,Malted Barley Flour,real,Open Food Facts (parsed from ingredients_text)
142,Barley Malt Extract,real,Open Food Facts (parsed from ingredients_text)
143,Vegetable Fat,real,Open Food Facts (parsed from ingredients_text)
144,Rice Starch,real,Open Food Facts (parsed from ingredients_text)
145,Salt,real,Open Food Facts (parsed from ingredients_text)
146,Yeast,real,Open Food Facts (parsed from ingredients_text)
147,Preservative,real,Open Food Facts (parsed from ingredients_text)
148,œufs entiers,real,Open Food Facts (parsed from ingredients_text)
149,poudre de lait écrémé,real,Open Food Facts (parsed from ingredients_text)
150,poudres à lever : carbonates de sodium,real,Open Food Facts (parsed from ingredients_text)
151,diphosphates,real,Open Food Facts (parsed from ingredients_text)
152,conservateur : sorbate de potassium,real,Open Food Facts (parsed from ingredients_text)
153,correcteur d'acidité : acide citrique,real,Open Food Facts (parsed from ingredients_text)
154,colorant : caroténoïdes,real,Open Food Facts (parsed from ingredients_text)
155,Sirop de glucose - fructose,real,Open Food Facts (parsed from ingredients_text)
156,chocolat noir,real,Open Food Facts (parsed from ingredients_text)
157,jus de framboise à base de concentré,real,Open Food Facts (parsed from ingredients_text)
158,graisse de palme,real,Open Food Facts (parsed from ingredients_text)
159,stabilisant : sorbitols,real,Open Food Facts (parsed from ingredients_text)
160,gélifiant : pectines,real,Open Food Facts (parsed from ingredients_text)
161,acidifiant : acide citrique,real,Open Food Facts (parsed from ingredients_text)
162,fécule de manioc,real,Open Food Facts (parsed from ingredients_text)
163,arôme naturel,real,Open Food Facts (parsed from ingredients_text)
164,poudres à lever : carbonates d'ammonium et carbonates de sodium,real,Open Food Facts (parsed from ingredients_text)
165,émulsifiant : mono - et diglycérides d'acides gras,real,Open Food Facts (parsed from ingredients_text)
166,correcteur d'acidité : citrates de sodium,real,Open Food Facts (parsed from ingredients_text)
167,"sel.
Peut contenir des traces de fruits à coque et de lait",real,Open Food Facts (parsed from ingredients_text)
